axis,axis_value,combo_count,mean_total_r,median_total_r,min_total_r,max_total_r,mean_avg_r,mean_profit_factor_r,median_profit_factor_r,mean_max_drawdown_r,mean_accepted_trades,mean_signal_entries,mean_win_rate,count_total_r_positive,count_profit_factor_gt_1,best_combo_id
risk.stop_mode,rolling_low,8,5.570113,6.004075,0.012867,8.880356,0.046481,1.129583,1.130231,5.809065,119.25,3532.75,0.49758,8,8,combo_0015
risk.stop_mode,signal_low,8,-11.838882,-11.693939,-18.473385,-7.331944,-0.099693,0.829112,0.832111,19.022974,119.25,3532.75,0.436937,0,0,combo_0002
risk.target_r,1.0,8,-3.978903,-4.412709,-18.473385,8.880356,-0.033584,0.971342,0.958029,12.502401,119.25,3532.75,0.488261,4,4,combo_0015
risk.target_r,1.35,8,-2.289865,-3.659539,-10.023385,7.353227,-0.019628,0.987354,0.95142,12.329638,119.25,3532.75,0.446256,4,4,combo_0012
signal.body_pct_min,0.48,8,-4.100071,-3.659539,-18.473385,6.525632,-0.034954,0.957554,0.95142,12.807916,119.5,3793.5,0.465077,4,4,combo_0003
signal.body_pct_min,0.56,8,-2.168697,-2.100748,-13.460705,8.880356,-0.018258,1.001141,0.995262,12.024122,119.0,3272.0,0.46944,4,4,combo_0015
signal.require_vwap_side,False,8,-2.189961,-0.924714,-13.531944,7.353227,-0.017661,0.995136,1.008702,11.690325,124.0,4075.5,0.47379,4,4,combo_0012
signal.require_vwap_side,True,8,-4.078808,-4.450813,-18.473385,8.880356,-0.035551,0.963559,0.936688,13.141713,114.5,2990.0,0.460727,4,4,combo_0015
